{"step/step": 77, "step/instance-loss": 4.76298713684082, "step/cluster-loss": 2.9466264247894287, "step/total-loss": 7.709613800048828, "_timestamp": 1691087031.0938568, "_runtime": 2526.616656780243, "_step": 78, "epoch/loss": 625.8985996246338, "_wandb": {"runtime": 2528}}